{"cameraMode":{"drawMode":0,"name":"Shaded","section":"Shading Mode"},"sceneLighting":true,"audioPlay":false,"sceneViewState":{"m_AlwaysRefresh":false,"showFog":true,"showSkybox":true,"showFlares":true,"showImageEffects":true,"showParticleSystems":true,"showVisualEffectGraphs":true,"m_FxEnabled":true},"in2DMode":false,"pivot":{"x":0.03194177895784378,"y":1.8069159984588624,"z":-1.0133082866668702},"rotation":{"x":0.20232389867305757,"y":0.13786755502223969,"z":-0.02879510633647442,"w":0.9691509008407593},"size":1.3744902610778809,"orthographic":false}