{"cameraMode":{"drawMode":0,"name":"Shaded","section":"Shading Mode"},"sceneLighting":false,"audioPlay":false,"sceneViewState":{"m_AlwaysRefresh":false,"showFog":true,"showSkybox":false,"showFlares":true,"showImageEffects":true,"showParticleSystems":true,"showVisualEffectGraphs":true,"m_FxEnabled":true},"in2DMode":false,"pivot":{"x":-9.944194793701172,"y":1.46626615524292,"z":10.070733070373536},"rotation":{"x":-0.011091353371739388,"y":0.3214999735355377,"z":0.0036966626066714527,"w":0.9468998312950134},"size":0.9487925171852112,"orthographic":false}